{
    "name":"Level 02",
    "cubes":[
        {"type": 1, "size": 5, "x": 0, "y": 0, "z": "-15.00"},
        {"type": 2, "size": 5, "x": 0, "y": 0, "z": "-7.20"},
        {"type": 1, "size": 5, "x": 0, "y": 0, "z": "0.60"},
        {"type": 3, "size": 5, "x": 0, "y": 5, "z": "-12.20"},
        {"type": 1, "size": 5, "x": 0, "y": 5, "z": "-4.40"},
        {"type": 2, "size": 5, "x": 0, "y": 10, "z": "-15.00"},
        {"type": 3, "size": 5, "x": 0, "y": 10, "z": "-7.20"},
        {"type": 1, "size": 5, "x": 0, "y": 10, "z": "0.60"},
        {"type": 2, "size": 5, "x": 0, "y": 15, "z": "-12.20"},
        {"type": 1, "size": 5, "x": 0, "y": 15, "z": "-4.40"}
    ]
}

