{
    "name":"Level 05",
    "cubes":[
        {"type":1,"size":5,"x":0,"y":0,"z":-15.00}
       ,{"type":3,"size":5,"x":0,"y":0,"z":-7.50}
       ,{"type":2,"size":5,"x":0,"y":0,"z":0.00}
       ,{"type":3,"size":5,"x":0,"y":0,"z":7.50}
       ,{"type":2,"size":5,"x":0,"y":0,"z":12.50}
       ,{"type":2,"size":5,"x":0,"y":5,"z":-12.50}
       ,{"type":2,"size":5,"x":0,"y":5,"z":-5.00}
       ,{"type":2,"size":5,"x":0,"y":5,"z":2.50}
       ,{"type":1,"size":5,"x":0,"y":5,"z":10.00}
       ,{"type":2,"size":5,"x":0,"y":10,"z":-15.00}
       ,{"type":1,"size":5,"x":0,"y":10,"z":-7.50}
       ,{"type":2,"size":5,"x":0,"y":10,"z":0.00}
       ,{"type":1,"size":5,"x":0,"y":10,"z":7.50}
       ,{"type":2,"size":5,"x":0,"y":10,"z":12.50}
       ,{"type":1,"size":5,"x":0,"y":15,"z":-15.00}
       ,{"type":2,"size":5,"x":0,"y":15,"z":-7.50}
       ,{"type":2,"size":5,"x":0,"y":15,"z":0.00}
       ,{"type":1,"size":5,"x":0,"y":15,"z":7.50}
       ,{"type":2,"size":5,"x":0,"y":15,"z":12.50}
       ,{"type":1,"size":5,"x":0,"y":20,"z":-12.50}
       ,{"type":2,"size":5,"x":0,"y":20,"z":-7.50}
       ,{"type":2,"size":5,"x":0,"y":20,"z":-2.50}
       ,{"type":3,"size":5,"x":0,"y":20,"z":2.50}
       ,{"type":2,"size":5,"x":0,"y":20,"z":7.50}
       ,{"type":2,"size":5,"x":0,"y":20,"z":15.00}
    ]
}