{
    "name":"Level 01",
    "cubes":[
        { "type":1, "size":5, "x":0, "y":0, "z":0 },
        { "type":2, "size":5, "x":0, "y":0, "z":5.8 },
        { "type":3, "size":5, "x":0, "y":5, "z":2.8 },
        { "type":1, "size":5, "x":0, "y":10, "z":2.8 },

        { "type":2, "size":5, "x":0, "y":5, "z":-3.5 },
        { "type":1, "size":5, "x":0, "y":10, "z":-3.5 },

        { "type":3, "size":5, "x":0, "y":5, "z":8.6 },
        { "type":2, "size":5, "x":0, "y":10, "z":8.6 },

        { "type":3, "size":5, "x":0, "y":15, "z":0 },
        { "type":2, "size":5, "x":0, "y":15, "z":5.8 },
        { "type":1, "size":5, "x":0, "y":20, "z":0 },     
        { "type":3, "size":5, "x":0, "y":20, "z":5.8 }
    ]
}